{"data":{"contentfulBlogPost":{"title":"A Contentful Blog Post","publishedDate":"April 10th, 2019","body":{"json":{"data":{},"content":[{"data":{},"content":[{"data":{},"marks":[],"value":"My post is here...","nodeType":"text"}],"nodeType":"paragraph"},{"data":{},"content":[{"data":{},"marks":[],"value":"A new section","nodeType":"text"}],"nodeType":"heading-2"},{"data":{"target":{"sys":{"space":{"sys":{"type":"Link","linkType":"Space","id":"nf9g432hc9vw"}},"id":"c6RSLV3CBIaEw36uFiKbdlT","type":"Asset","createdAt":"2019-04-11T15:45:19.640Z","updatedAt":"2019-04-11T15:45:19.640Z","environment":{"sys":{"id":"master","type":"Link","linkType":"Environment"}},"revision":1},"fields":{"title":{"en-US":"Grass"},"file":{"en-US":{"url":"//images.ctfassets.net/nf9g432hc9vw/6RSLV3CBIaEw36uFiKbdlT/f2d13ad18df6bbee8199fc5f21a98a65/grass.png","details":{"size":969253,"image":{"width":2000,"height":1091}},"fileName":"grass.png","contentType":"image/png"}}}}},"content":[],"nodeType":"embedded-asset-block"},{"data":{},"content":[{"data":{},"marks":[],"value":"","nodeType":"text"}],"nodeType":"paragraph"},{"data":{},"content":[{"data":{},"marks":[],"value":"I love ","nodeType":"text"},{"data":{},"marks":[{"type":"bold"}],"value":"Gatsby","nodeType":"text"},{"data":{},"marks":[],"value":" with Contentful","nodeType":"text"}],"nodeType":"paragraph"},{"data":{},"content":[{"data":{},"marks":[],"value":"","nodeType":"text"}],"nodeType":"paragraph"}],"nodeType":"document"}}}},"pageContext":{"isCreatedByStatefulCreatePages":false,"slug":"contentful"}}