{"data":{"contentfulBlogPost":{"title":"A Contentful Blog Post","publishedDate":"April 10th, 2019","body":{"json":{"data":{},"content":[{"data":{},"content":[{"data":{},"marks":[],"value":"My post is here...","nodeType":"text"}],"nodeType":"paragraph"},{"data":{},"content":[{"data":{},"marks":[],"value":"This is my new section","nodeType":"text"}],"nodeType":"heading-2"},{"data":{},"content":[{"data":{},"marks":[],"value":"I ","nodeType":"text"},{"data":{},"marks":[{"type":"bold"}],"value":"love","nodeType":"text"},{"data":{},"marks":[],"value":" Contentful and Gatsby!","nodeType":"text"}],"nodeType":"paragraph"},{"data":{},"content":[{"data":{},"marks":[],"value":"","nodeType":"text"}],"nodeType":"paragraph"}],"nodeType":"document"}}}},"pageContext":{"isCreatedByStatefulCreatePages":false,"slug":"contentful"}}